first_name,last_name,email,phone
Samara,Ruffler,sruffler0@auda.org.au,680-143-5241
Hube,Cartwright,hcartwright1@twitpic.com,493-224-3458
Danni,Butrimovich,dbutrimovich2@gov.uk,233-114-7917
Ermanno,Mortlock,emortlock3@themeforest.net,127-116-7907
Moises,Walton,mwalton4@army.mil,743-102-8874
Hyacintha,Melonby,hmelonby5@opensource.org,464-740-5219
Waldemar,Mathieu,wmathieu6@edublogs.org,446-419-6923
Tisha,Rebeiro,trebeiro7@newyorker.com,469-312-2630
Angelle,Crossan,acrossan8@npr.org,239-407-8195
Johann,Fossett,jfossett9@issuu.com,575-790-5414
Arliene,Haymes,ahaymesa@google.co.jp,971-114-6478
Mel,Rounce,mrounceb@cdc.gov,778-461-5343
Danella,Calveley,dcalveleyc@alibaba.com,628-472-0446
Bev,Lowfill,blowfilld@imgur.com,909-863-8571
Prentiss,Affleck,pafflecke@samsung.com,321-703-2044
Audry,Graysmark,agraysmarkf@buzzfeed.com,908-228-7085
Llywellyn,Bullus,lbullusg@meetup.com,486-406-0213
Sandra,Howlin,showlinh@huffingtonpost.com,437-326-8495
Gordie,Ansill,gansilli@flavors.me,365-308-4591
Minor,Halbard,mhalbardj@posterous.com,412-828-8968
Linus,Penniell,lpenniellk@msn.com,926-541-9131
Teri,Norris,tnorrisl@illinois.edu,990-135-3599
Genevieve,Kellie,gkelliem@macromedia.com,687-896-0220
Diarmid,Bruce,dbrucen@chicagotribune.com,284-150-7852
Yvor,Vella,yvellao@redcross.org,280-247-4702
Desirae,Ivanyutin,divanyutinp@godaddy.com,652-420-4427
Willie,Sewart,wsewartq@sphinn.com,523-551-6354
Sherm,Mulmuray,smulmurayr@washingtonpost.com,179-546-7227
Shaughn,Fishlock,sfishlocks@wikia.com,127-440-3692
Emera,Mc Carroll,emccarrollt@mit.edu,430-219-9595
Westley,Folley,wfolleyu@parallels.com,231-109-6849
Korella,Benner,kbennerv@auda.org.au,814-820-6179
Germaine,Charlet,gcharletw@google.de,488-202-8099
Gonzalo,Pegden,gpegdenx@npr.org,441-488-2240
Issie,Marven,imarveny@about.com,982-675-6880
Rolland,Paulot,rpaulotz@blog.com,297-728-3107
Hartley,Brunicke,hbrunicke10@qq.com,952-602-3810
Obidiah,Laye,olaye11@altervista.org,830-847-4570
Micky,Calkin,mcalkin12@simplemachines.org,718-230-3196
Cully,Sponer,csponer13@walmart.com,303-378-4809
Franchot,Klesl,fklesl14@youtube.com,432-587-0187
Katee,Ringer,kringer15@livejournal.com,343-856-3830
Editha,Colbron,ecolbron16@xrea.com,931-147-1158
Sydney,Kalinowsky,skalinowsky17@mail.ru,825-346-0465
Myrtia,Corey,mcorey18@dagondesign.com,534-296-5488
Gusty,Town,gtown19@digg.com,313-458-4744
Gray,Rosendale,grosendale1a@homestead.com,338-876-0253
Lovell,Hentze,lhentze1b@hao123.com,753-255-4304
Wells,Lentsch,wlentsch1c@ted.com,130-657-8986
Kalina,Dennick,kdennick1d@devhub.com,915-907-6975
Zuzana,Laverack,zlaverack1e@google.it,908-520-9326
Kathrine,Robard,krobard1f@nih.gov,621-794-3471
Meggy,Shorthouse,mshorthouse1g@bbc.co.uk,872-990-9016
Alexei,Romeuf,aromeuf1h@addthis.com,380-207-9486
Christopher,Goranov,cgoranov1i@blinklist.com,765-261-3151
Andria,Kington,akington1j@csmonitor.com,595-391-4961
Grover,Groombridge,ggroombridge1k@tripod.com,328-916-4849
June,Igo,jigo1l@theglobeandmail.com,635-425-7087
Agnese,Kirwin,akirwin1m@sourceforge.net,514-305-4023
Yetta,Cloney,ycloney1n@wikimedia.org,637-443-8423
Meghann,Grut,mgrut1o@google.com,610-115-2209
Terrance,Trumpeter,ttrumpeter1p@home.pl,266-769-0700
Marnie,Gero,mgero1q@cyberchimps.com,821-305-8606
Cammie,Sansome,csansome1r@ed.gov,353-508-7445
Oates,Reignard,oreignard1s@eventbrite.com,475-690-1128
Izak,Kellard,ikellard1t@google.de,177-871-7799
Cosetta,Sokale,csokale1u@princeton.edu,465-478-0717
Melany,Lochead,mlochead1v@g.co,535-488-4123
Thaxter,Culvey,tculvey1w@slashdot.org,542-750-1134
Carma,Symondson,csymondson1x@shareasale.com,963-938-0570
Avram,MacGillicuddy,amacgillicuddy1y@tinypic.com,812-956-5078
Georgia,Mingame,gmingame1z@github.io,240-885-5854
Moria,Fowley,mfowley20@issuu.com,239-459-0298
Herculie,Pilling,hpilling21@4shared.com,291-603-7104
Janene,Glynn,jglynn22@sun.com,870-365-0106
Tillie,Macklam,tmacklam23@theguardian.com,604-721-8665
Ofelia,Cathrae,ocathrae24@surveymonkey.com,714-739-5549
Thia,Swannick,tswannick25@reverbnation.com,254-383-9164
Camey,Saller,csaller26@vkontakte.ru,936-952-2295
Tandi,Le feuvre,tlefeuvre27@github.com,324-931-6442
Jeanna,Creser,jcreser28@walmart.com,804-293-2909
Karoly,Peever,kpeever29@statcounter.com,144-914-8175
Peg,Morgon,pmorgon2a@census.gov,811-900-3600
Josefa,Antognozzii,jantognozzii2b@economist.com,244-294-6749
Cristi,Creeboe,ccreeboe2c@gravatar.com,650-778-3539
Constancy,Shambrooke,cshambrooke2d@aboutads.info,418-881-2872
Jermaine,Ovens,jovens2e@google.nl,163-444-4762
Laurianne,Mallya,lmallya2f@sourceforge.net,518-942-0189
Val,Hein,vhein2g@samsung.com,916-976-2418
Melli,Mogg,mmogg2h@i2i.jp,267-135-5762
Sergent,Deeprose,sdeeprose2i@sun.com,491-759-1549
Iolanthe,Brownbill,ibrownbill2j@nymag.com,710-141-2590
Seth,Fabbri,sfabbri2k@blogs.com,731-565-5738
Nari,De Carolis,ndecarolis2l@bbc.co.uk,334-649-0122
Horatius,Arend,harend2m@umich.edu,868-336-7842
Gabriela,Hebburn,ghebburn2n@exblog.jp,666-220-1870
Alethea,Leate,aleate2o@mit.edu,589-921-8199
Lawrence,Fearnsides,lfearnsides2p@prweb.com,931-914-7694
Phillida,Brockherst,pbrockherst2q@ox.ac.uk,174-464-4062
Madeleine,Simkiss,msimkiss2r@trellian.com,350-749-8298
Biddie,De Mico,bdemico2s@reuters.com,868-190-2665
Genevra,Poynton,gpoynton2t@adobe.com,533-658-0157
Corey,Sambell,csambell2u@pbs.org,550-504-8641
Raphael,Corness,rcorness2v@miibeian.gov.cn,303-737-2184
Nollie,Veart,nveart2w@shutterfly.com,339-205-3891
Fonz,Boscher,fboscher2x@samsung.com,249-882-1689
Karlik,Woollin,kwoollin2y@reference.com,598-410-5856
Val,Godwin,vgodwin2z@etsy.com,436-334-6809
Killy,Longshaw,klongshaw30@zdnet.com,579-332-1529
Chancey,Swanston,cswanston31@ustream.tv,528-472-5594
Blakelee,Gonin,bgonin32@msu.edu,740-448-6257
Miner,Townsend,mtownsend33@1und1.de,208-719-2916
Elwyn,Brelsford,ebrelsford34@aboutads.info,613-486-4900
Chicky,Elsie,celsie35@deviantart.com,979-144-6757
Aldridge,Boyfield,aboyfield36@elpais.com,167-925-9823
Tammy,Vinnick,tvinnick37@angelfire.com,425-165-0582
Fanni,Cheater,fcheater38@cam.ac.uk,346-315-4781
Marylynne,Malshinger,mmalshinger39@tripadvisor.com,857-419-1831
Abramo,O'Dennehy,aodennehy3a@opensource.org,378-563-6138
Mersey,Coenraets,mcoenraets3b@usda.gov,205-772-9149
Dal,LeEstut,dleestut3c@vinaora.com,590-143-2737
Druci,Mizzen,dmizzen3d@netvibes.com,700-793-3117
Hanni,Kerne,hkerne3e@statcounter.com,457-810-5238
Lamond,Coushe,lcoushe3f@va.gov,548-637-5942
Blancha,Samson,bsamson3g@goo.gl,482-706-6247
Consolata,Baddiley,cbaddiley3h@quantcast.com,460-254-9236
Cyrill,O'Shesnan,coshesnan3i@wisc.edu,952-887-7852
Ezekiel,Goudard,egoudard3j@homestead.com,168-443-0428
Ambrosius,Dungay,adungay3k@yellowpages.com,383-608-4038
Sherye,Neeves,sneeves3l@freewebs.com,863-897-9723
Lorena,Rosenbusch,lrosenbusch3m@addtoany.com,894-132-2239
Tabina,Cesaric,tcesaric3n@macromedia.com,665-746-9518
Ludovico,Beagin,lbeagin3o@mail.ru,620-463-4185
Reider,Paxton,rpaxton3p@mtv.com,343-326-0795
Joly,Wraggs,jwraggs3q@thetimes.co.uk,150-840-1605
Mandi,Pounsett,mpounsett3r@trellian.com,789-433-8327
Lorant,Mirando,lmirando3s@sciencedirect.com,432-497-5166
Aguste,Mathes,amathes3t@army.mil,219-222-1077
Claudian,Anstead,canstead3u@weibo.com,671-458-4005
Claudetta,Constanza,cconstanza3v@mozilla.com,417-438-7428
Christie,Dahlman,cdahlman3w@gov.uk,209-707-7559
Oona,Arias,oarias3x@parallels.com,877-670-3726
Harlen,Libbe,hlibbe3y@sciencedirect.com,761-163-9656
Case,Tutill,ctutill3z@linkedin.com,537-400-9747
Carrol,Martinovic,cmartinovic40@umn.edu,164-663-3992
Corie,Stigers,cstigers41@imageshack.us,424-904-3176
Myles,Westoff,mwestoff42@twitter.com,973-984-3822
Nicola,Bremner,nbremner43@about.com,190-339-2477
Jeremias,Crichmer,jcrichmer44@bloomberg.com,771-834-6187
Liesa,Kettow,lkettow45@pagesperso-orange.fr,849-612-2754
Rhodie,Chesley,rchesley46@google.pl,408-253-0185
Ahmad,Capper,acapper47@china.com.cn,303-824-0007
Elwood,Phelip,ephelip48@vk.com,151-658-7896
Efren,Paulat,epaulat49@drupal.org,386-971-1858
Gustavo,La Batie,glabatie4a@house.gov,838-523-0435
Mollie,Machans,mmachans4b@gmpg.org,737-592-6025
Elsbeth,Schruurs,eschruurs4c@dot.gov,982-873-9618
Camel,Snaddon,csnaddon4d@answers.com,217-204-3419
Tobin,Osselton,tosselton4e@yolasite.com,269-786-4443
Garret,Brandts,gbrandts4f@ezinearticles.com,239-490-3701
Hinze,Musico,hmusico4g@ibm.com,193-457-2656
Merrile,Anker,manker4h@tumblr.com,140-416-5244
Carena,Kingshott,ckingshott4i@unesco.org,678-962-7532
Joline,Hearns,jhearns4j@tripadvisor.com,179-294-9552
Biddie,Maddox,bmaddox4k@youtube.com,416-614-9193
Alasdair,Sirman,asirman4l@cyberchimps.com,759-957-3064
Hazlett,Allday,hallday4m@mit.edu,907-392-5455
Doug,Selbach,dselbach4n@desdev.cn,120-764-2657
Augie,Lehrian,alehrian4o@slideshare.net,716-998-0554
Lenka,Camacho,lcamacho4p@dagondesign.com,838-313-1589
Benson,Poetz,bpoetz4q@indiegogo.com,492-857-5719
Don,Spurdon,dspurdon4r@mediafire.com,651-885-6528
Kathe,Bynert,kbynert4s@unblog.fr,326-830-7986
Kean,Thurlborn,kthurlborn4t@samsung.com,650-522-5213
Franny,Pfaffel,fpfaffel4u@guardian.co.uk,882-984-1390
Weylin,Eddisford,weddisford4v@vistaprint.com,272-251-5452
Sib,Latek,slatek4w@wikia.com,962-307-2837
Bordy,MacKartan,bmackartan4x@unesco.org,162-268-3774
Sylvia,Fuzzard,sfuzzard4y@goo.ne.jp,895-833-0978
Armando,Karslake,akarslake4z@usnews.com,378-933-5752
Winne,Elcoate,welcoate50@state.tx.us,162-712-9275
Rubia,Proback,rproback51@wiley.com,637-295-9619
Kahlil,Tankin,ktankin52@ning.com,275-467-0715
Jase,Bates,jbates53@epa.gov,608-620-5707
Filip,Brumfitt,fbrumfitt54@ucoz.ru,777-868-6097
Tressa,Sheehy,tsheehy55@yale.edu,870-809-3029
Huey,Beinisch,hbeinisch56@creativecommons.org,831-482-1273
Kathrine,Doog,kdoog57@github.io,536-469-7555
Elizabeth,Piniur,epiniur58@upenn.edu,230-959-3512
Fabe,Scullion,fscullion59@who.int,146-347-4966
Nathan,Semour,nsemour5a@microsoft.com,903-663-1518
Sarine,Lamas,slamas5b@devhub.com,438-116-3701
Marvin,Bartley,mbartley5c@craigslist.org,166-592-2969
Tobit,Martina,tmartina5d@delicious.com,169-170-2744
Florenza,Boyton,fboyton5e@qq.com,506-610-1122
Romy,Clist,rclist5f@rakuten.co.jp,476-651-8462
Addie,Kobus,akobus5g@bravesites.com,937-795-9528
Brigg,Meni,bmeni5h@google.com.hk,318-909-6444
Dirk,Lyard,dlyard5i@uol.com.br,599-734-7314
Buck,O'Lennane,bolennane5j@prnewswire.com,420-594-3334
Levon,Chatterton,lchatterton5k@state.tx.us,376-528-2348
Syman,Snufflebottom,ssnufflebottom5l@cpanel.net,132-896-7552
Lucio,Searl,lsearl5m@timesonline.co.uk,447-660-9239
Farlay,Langwade,flangwade5n@xing.com,644-775-8888
Lane,Huffadine,lhuffadine5o@mayoclinic.com,915-682-9558
Nikolai,Dooland,ndooland5p@npr.org,504-231-0836
Ramsay,O'Loughane,roloughane5q@arstechnica.com,677-559-6150
Marielle,Swindells,mswindells5r@vistaprint.com,148-819-6312
Gloriana,Levey,glevey5s@phpbb.com,117-857-4182
Ruggiero,Eastham,reastham5t@java.com,630-191-5796
Hewe,Jannex,hjannex5u@canalblog.com,318-708-0566
Torry,Linnell,tlinnell5v@networksolutions.com,522-151-3222
Kaylil,Chieze,kchieze5w@lycos.com,541-218-6970
Liesa,Dunridge,ldunridge5x@nba.com,940-458-4989
Tonnie,Keates,tkeates5y@amazon.de,810-458-6259
Jehanna,Hanvey,jhanvey5z@shareasale.com,361-286-7238
Rockwell,Jellard,rjellard60@yolasite.com,327-643-0581
Wade,Lampe,wlampe61@lulu.com,354-705-9738
Sutton,Ashburner,sashburner62@studiopress.com,508-198-4118
Oona,Mylchreest,omylchreest63@creativecommons.org,290-484-1332
Coriss,Cossentine,ccossentine64@kickstarter.com,228-763-8167
Maryann,Clifforth,mclifforth65@reuters.com,356-749-8501
Ariela,Bickmore,abickmore66@rediff.com,998-949-3086
Elmira,Sissons,esissons67@ft.com,710-837-0718
Lorelle,Summers,lsummers68@unc.edu,377-649-9165
Ezekiel,Gatrill,egatrill69@cdbaby.com,723-201-5687
Godiva,Strelitzki,gstrelitzki6a@nydailynews.com,650-927-2848
Kennan,Relton,krelton6b@hc360.com,537-951-5072
Errol,Inchbald,einchbald6c@yellowbook.com,275-982-2342
Emeline,Ascraft,eascraft6d@smugmug.com,641-934-3617
Eustace,Pilmore,epilmore6e@imdb.com,257-647-9557
Nell,Waddilow,nwaddilow6f@gmpg.org,541-379-6327
Farr,Belliveau,fbelliveau6g@foxnews.com,256-458-5826
Dur,Hillum,dhillum6h@cpanel.net,478-621-5395
Rodie,Yandell,ryandell6i@flickr.com,683-161-7310
Aleksandr,Baldinotti,abaldinotti6j@discovery.com,430-480-9093
Jan,Pinckney,jpinckney6k@altervista.org,927-685-4391
Charlean,Oiller,coiller6l@discovery.com,513-838-3395
Brett,Sulter,bsulter6m@hibu.com,376-451-9652
Sander,Sammut,ssammut6n@lycos.com,456-950-6234
Stanley,Lundon,slundon6o@blogger.com,986-580-3675
Boote,Bris,bbris6p@techcrunch.com,673-879-5632
Siouxie,Merrgan,smerrgan6q@nationalgeographic.com,890-714-0158
Barret,Concklin,bconcklin6r@paginegialle.it,714-156-1746
Carmella,Reisenstein,creisenstein6s@gizmodo.com,939-254-7974
Eddy,Champkin,echampkin6t@comcast.net,633-888-1538
Haze,Szanto,hszanto6u@imageshack.us,389-239-1172
Bobbie,Loche,bloche6v@devhub.com,141-395-4638
Kris,Prescote,kprescote6w@umich.edu,754-711-2997
Mandel,Taphouse,mtaphouse6x@dailymail.co.uk,835-880-7225
Nanete,Gowers,ngowers6y@google.co.jp,537-834-6117
Ines,Test,itest6z@de.vu,535-360-7828
Tristam,Calbreath,tcalbreath70@theglobeandmail.com,576-499-2638
Arie,Crackett,acrackett71@ifeng.com,495-640-1021
Maureen,Chieze,mchieze72@aboutads.info,928-959-0966
Claudell,Coolahan,ccoolahan73@hugedomains.com,889-983-9882
Ruthanne,Kipping,rkipping74@examiner.com,372-411-7538
Constancia,Laundon,claundon75@admin.ch,150-313-3357
Sammy,Augie,saugie76@bizjournals.com,878-786-6259
Waldo,Bycraft,wbycraft77@drupal.org,282-176-0174
Berrie,Clamp,bclamp78@meetup.com,687-230-6626
Carlina,Ditt,cditt79@yelp.com,184-755-3382
Abe,Chalkly,achalkly7a@amazon.de,599-230-1726
Carmelia,Lawson,clawson7b@china.com.cn,631-827-7565
Myrtice,Pena,mpena7c@yahoo.co.jp,132-493-4744
Niven,Gratrix,ngratrix7d@slideshare.net,454-876-5581
Hendrika,Sebyer,hsebyer7e@telegraph.co.uk,196-736-7053
Andie,McClaurie,amcclaurie7f@kickstarter.com,220-178-1711
Giustina,Cardon,gcardon7g@netscape.com,915-410-9901
Nichols,Crocket,ncrocket7h@umn.edu,769-556-4389
Neil,Graeber,ngraeber7i@scientificamerican.com,299-325-7154
Burty,Brokenshire,bbrokenshire7j@pcworld.com,295-724-3617
Camel,Cuerdale,ccuerdale7k@eepurl.com,715-575-8863
Valdemar,McWilliam,vmcwilliam7l@blogspot.com,824-222-5687
Wade,Mayall,wmayall7m@storify.com,593-325-9904
Bibbie,Scocroft,bscocroft7n@npr.org,528-433-1910
Randal,Laflin,rlaflin7o@spotify.com,673-629-9042
Livvie,Doughill,ldoughill7p@google.co.uk,267-348-3859
Madelle,Chewter,mchewter7q@dailymotion.com,979-655-0330
Boy,Mateev,bmateev7r@smugmug.com,840-203-1076
Elijah,Goodlud,egoodlud7s@mail.ru,704-428-8449
Farlie,Tissiman,ftissiman7t@blinklist.com,663-575-1543
Rosella,Impy,rimpy7u@amazon.de,739-623-6155
Neall,Ledford,nledford7v@miibeian.gov.cn,214-653-3501
Ernestine,Pontain,epontain7w@salon.com,601-469-2969
Shanon,Cornhill,scornhill7x@godaddy.com,987-601-9843
Lenora,Stockbridge,lstockbridge7y@wired.com,918-455-6500
Francyne,Baldwin,fbaldwin7z@google.nl,310-586-7799
Ole,Medforth,omedforth80@creativecommons.org,681-356-3247
Jacenta,McKeighen,jmckeighen81@dedecms.com,475-926-3943
Frederich,Baudic,fbaudic82@studiopress.com,983-180-2174
Verina,Pinchin,vpinchin83@wp.com,840-467-7926
Marjy,Gandy,mgandy84@salon.com,644-228-5477
Brew,Conen,bconen85@i2i.jp,850-713-1297
Shirlee,Saffe,ssaffe86@simplemachines.org,735-949-2965
Ruthi,Lonie,rlonie87@a8.net,986-568-3112
Candie,Leach,cleach88@wordpress.com,614-862-8840
Pippy,Cawte,pcawte89@csmonitor.com,720-386-0472
Rhoda,Vasilyev,rvasilyev8a@devhub.com,852-749-8875
Crystie,Fayne,cfayne8b@unc.edu,681-402-7679
Rodi,Teggart,rteggart8c@businesswire.com,896-182-6908
Elnora,Turfs,eturfs8d@marriott.com,857-303-8216
Inez,Hoodlass,ihoodlass8e@squarespace.com,773-922-6715
Piotr,Abramzon,pabramzon8f@washington.edu,524-248-7512
Gwynne,Garms,ggarms8g@soup.io,634-783-0537
Venus,Vellender,vvellender8h@xinhuanet.com,853-126-7328
Edithe,Morcombe,emorcombe8i@cdbaby.com,790-837-7279
Fanni,Leverentz,fleverentz8j@amazon.co.uk,878-594-9857
Jobina,Goldby,jgoldby8k@hostgator.com,834-393-2406
Dewie,Tesseyman,dtesseyman8l@chron.com,554-559-9706
Worthy,De Mattia,wdemattia8m@aboutads.info,909-328-3164
Bria,Bowlas,bbowlas8n@state.gov,850-739-0633
Sayers,Gifford,sgifford8o@army.mil,959-558-9734
Wallis,Vigne,wvigne8p@bing.com,967-116-7594
Moises,Greenset,mgreenset8q@theglobeandmail.com,768-483-5219
Cullen,Wainwright,cwainwright8r@unc.edu,457-797-2516
Enos,Willstrop,ewillstrop8s@theatlantic.com,707-558-1631
Isaiah,Stote,istote8t@businesswire.com,448-821-2059
Nerti,Donnachie,ndonnachie8u@ted.com,919-456-8514
Rosalia,Christley,rchristley8v@gravatar.com,441-696-5409
Ramsey,Coutthart,rcoutthart8w@exblog.jp,476-685-4136
Celle,Petriello,cpetriello8x@chronoengine.com,369-649-6043
Alvina,Loseke,aloseke8y@google.ru,851-677-7373
Nate,Percifer,npercifer8z@vimeo.com,573-768-7901
Bone,Kienzle,bkienzle90@bravesites.com,629-180-4152
Benedicto,Kesper,bkesper91@rediff.com,254-770-8288
Wade,Crawshay,wcrawshay92@scientificamerican.com,347-809-1599
Vere,Clemmens,vclemmens93@meetup.com,129-346-5569
Sally,Gierhard,sgierhard94@ucla.edu,794-105-2809
Nicky,Posthill,nposthill95@ocn.ne.jp,581-282-0290
Veradis,McOnie,vmconie96@qq.com,409-259-7589
Merle,De Normanville,mdenormanville97@dion.ne.jp,255-203-0697
Stephine,Timoney,stimoney98@cyberchimps.com,208-708-4349
Leilah,Sickling,lsickling99@reverbnation.com,413-295-2119
Veronika,Khotler,vkhotler9a@washingtonpost.com,938-102-9566
Shirlee,Perkis,sperkis9b@hostgator.com,313-564-0093
Renard,Glinde,rglinde9c@1und1.de,181-815-5652
Kincaid,Larsen,klarsen9d@hp.com,594-598-2244
Pat,Abells,pabells9e@comcast.net,270-329-5724
Beauregard,Juleff,bjuleff9f@arizona.edu,618-365-0147
Elvyn,Leates,eleates9g@ning.com,498-669-6260
Sebastian,Argrave,sargrave9h@google.com.hk,740-624-9163
Gretal,Tant,gtant9i@elegantthemes.com,511-671-9987
Brandice,Topaz,btopaz9j@amazon.co.jp,227-170-1091
Conrade,Neame,cneame9k@europa.eu,870-570-1298
Roseanna,Buckthorp,rbuckthorp9l@prweb.com,785-385-8615
Cookie,Verrier,cverrier9m@quantcast.com,447-979-9218
Marilin,Murrthum,mmurrthum9n@barnesandnoble.com,143-838-8583
Cammie,Joannic,cjoannic9o@sun.com,259-150-0573
Josiah,Abrahmer,jabrahmer9p@soundcloud.com,163-783-1861
Ashlin,Lufkin,alufkin9q@nytimes.com,757-132-4806
Raff,McCool,rmccool9r@moonfruit.com,214-864-3174
Fanchette,Jacquemet,fjacquemet9s@nsw.gov.au,646-233-0544
Willie,Airds,wairds9t@auda.org.au,627-368-6170
Suki,Wais,swais9u@miibeian.gov.cn,600-169-5837
Lucine,McGiven,lmcgiven9v@homestead.com,633-710-9054
Cindee,Noads,cnoads9w@unblog.fr,792-978-0783
Abramo,Heggadon,aheggadon9x@ifeng.com,626-433-4140
Bobinette,Cosgrove,bcosgrove9y@cargocollective.com,174-956-5132
Virgie,Kermott,vkermott9z@eventbrite.com,521-484-9798
Noak,Redman,nredmana0@thetimes.co.uk,813-895-2656
Sinclair,Leipelt,sleipelta1@taobao.com,614-436-9813
Kailey,Artiss,kartissa2@java.com,944-356-9037
Steffen,Orteu,sorteua3@home.pl,736-933-8078
Bobette,Dallimore,bdallimorea4@tiny.cc,597-587-4323
Greer,Perago,gperagoa5@hao123.com,348-366-1242
Corena,Storer,cstorera6@businesswire.com,462-811-3276
Gayle,Iban,gibana7@washingtonpost.com,994-858-1681
Cull,Baszkiewicz,cbaszkiewicza8@opensource.org,173-106-2416
Eada,Daybell,edaybella9@moonfruit.com,623-886-6051
Celia,Lintill,clintillaa@wisc.edu,821-149-0217
Juieta,Jamieson,jjamiesonab@imageshack.us,830-207-3062
Micaela,Milmoe,mmilmoeac@cam.ac.uk,845-679-6217
Ebonee,Meyer,emeyerad@dell.com,415-247-8826
Mariam,Tolotti,mtolottiae@miitbeian.gov.cn,520-517-7473
Danette,Starking,dstarkingaf@chicagotribune.com,117-512-5721
Tabby,Pidcock,tpidcockag@cpanel.net,386-881-4941
Tristam,O'Riordan,toriordanah@twitter.com,566-514-0125
Phil,Gruszecki,pgruszeckiai@craigslist.org,904-653-7400
Domini,McKie,dmckieaj@princeton.edu,251-528-4594
Calv,Duchasteau,cduchasteauak@boston.com,440-766-8942
Nicholle,Tayloe,ntayloeal@abc.net.au,823-655-6920
Craggie,Lucks,clucksam@phoca.cz,192-297-9381
Darla,Muncey,dmunceyan@wsj.com,339-311-8600
Jaymie,Quest,jquestao@nature.com,260-729-4001
Emmalyn,Sweeney,esweeneyap@bluehost.com,240-967-0235
Ashley,Brittle,abrittleaq@ucoz.com,836-368-1116
Willi,Monnery,wmonneryar@networkadvertising.org,866-568-5335
Nata,Mains,nmainsas@google.ca,872-982-5246
Willy,Camacke,wcamackeat@nhs.uk,875-288-4478
Wald,Boultwood,wboultwoodau@blogger.com,876-802-2826
Charita,Meneghelli,cmeneghelliav@theglobeandmail.com,528-387-1613
Rivkah,MacCafferky,rmaccafferkyaw@icq.com,780-472-3492
Eugenio,Dudny,edudnyax@comsenz.com,170-540-6087
Early,Mimmack,emimmackay@tripod.com,630-422-1463
Walton,Wybrew,wwybrewaz@youtu.be,526-407-3940
Freddy,Tubbs,ftubbsb0@zimbio.com,854-513-4059
Bengt,Pentin,bpentinb1@wisc.edu,880-665-2783
Barry,Tennant,btennantb2@squarespace.com,464-886-2780
Zarla,Lutas,zlutasb3@weather.com,138-576-4228
Malinde,Latch,mlatchb4@ucsd.edu,584-517-8502
Tallie,Veltman,tveltmanb5@so-net.ne.jp,532-251-4534
Angelica,Mant,amantb6@webeden.co.uk,432-163-6085
Papagena,Russilll,prussilllb7@canalblog.com,310-379-2696
Riannon,Orsman,rorsmanb8@amazon.co.jp,215-956-5411
Christoph,Terney,cterneyb9@rediff.com,518-692-3820
Raina,Kroin,rkroinba@google.it,974-536-4361
Gwendolyn,Banyard,gbanyardbb@theglobeandmail.com,861-447-1781
Frannie,Fassman,ffassmanbc@odnoklassniki.ru,826-552-6569
Sophey,Keri,skeribd@ovh.net,394-598-7030
Lorri,Wackett,lwackettbe@walmart.com,925-938-1044
Karlis,Corssen,kcorssenbf@youtu.be,716-709-7156
Estevan,Moxstead,emoxsteadbg@blogtalkradio.com,889-463-6036
Keeley,Clearley,kclearleybh@tinypic.com,606-248-2508
Lianne,Duigenan,lduigenanbi@gizmodo.com,382-478-3710
Emile,Bentall,ebentallbj@nasa.gov,751-330-4460
Fannie,Coppens,fcoppensbk@google.co.jp,243-830-9718
Tami,Henrych,thenrychbl@constantcontact.com,368-959-6515
Clayborne,Gianilli,cgianillibm@woothemes.com,792-173-5325
Susie,Beddall,sbeddallbn@goodreads.com,513-243-9852
Clemmy,Sivorn,csivornbo@mit.edu,535-443-2949
Shaughn,Lilloe,slilloebp@instagram.com,913-940-8041
Fedora,Levesque,flevesquebq@nytimes.com,458-738-8426
Sebastiano,By,sbybr@state.gov,771-593-1212
Bradley,Copp,bcoppbs@dagondesign.com,820-685-8427
Bill,Leyband,bleybandbt@feedburner.com,120-436-3203
Queenie,Eddie,qeddiebu@mail.ru,754-446-8863
Carlo,Kean,ckeanbv@wsj.com,295-357-8135
Biron,Isherwood,bisherwoodbw@mayoclinic.com,614-232-7238
Laurens,Bonhome,lbonhomebx@fotki.com,220-685-4459
Vassili,Caddy,vcaddyby@netlog.com,228-719-3771
Legra,Clubley,lclubleybz@chronoengine.com,400-938-5946
Wendall,Ginger,wgingerc0@parallels.com,109-615-2663
Elset,Easlea,eeasleac1@tripod.com,265-337-2270
Valerie,Spiring,vspiringc2@macromedia.com,797-210-9968
Hillie,Realy,hrealyc3@tinyurl.com,184-629-2164
Jefferey,Neillans,jneillansc4@nyu.edu,408-252-2571
Thomasin,Burdett,tburdettc5@sbwire.com,312-852-3670
Aurlie,Redmond,aredmondc6@domainmarket.com,328-979-0872
Saidee,Crothers,scrothersc7@yahoo.co.jp,871-716-4100
Sherilyn,Dumbleton,sdumbletonc8@live.com,182-515-8476
Vernor,Spry,vspryc9@vkontakte.ru,367-711-2639
Conway,Bollans,cbollansca@wikipedia.org,637-883-7789
Mehetabel,Van Hault,mvanhaultcb@topsy.com,674-140-1041
Ab,Prenty,aprentycc@rediff.com,996-669-4821
Rip,Creech,rcreechcd@ehow.com,439-181-7319
Edie,Polak,epolakce@multiply.com,160-254-7294
Claresta,Peres,cperescf@netvibes.com,115-959-6064
Guthrey,Pilipyak,gpilipyakcg@github.com,349-920-6303
Dawna,Shorto,dshortoch@ustream.tv,330-273-4131
Eal,Bartolomeotti,ebartolomeottici@gmpg.org,393-758-3232
Lucien,Pirozzi,lpirozzicj@a8.net,564-186-0612
Gail,Megson,gmegsonck@deliciousdays.com,584-805-4100
Far,Dimbylow,fdimbylowcl@bloglines.com,587-169-6401
Tammie,de Pinna,tdepinnacm@dailymail.co.uk,511-997-0172
Fonz,Neeson,fneesoncn@bloomberg.com,501-953-9707
Chrysler,Denekamp,cdenekampco@mit.edu,288-119-9567
Deva,Fend,dfendcp@google.ca,877-306-2934
Bertram,Tiptaft,btiptaftcq@diigo.com,911-375-1866
Yul,Budgen,ybudgencr@t.co,588-929-1857
Brendin,Bellward,bbellwardcs@businesswire.com,904-660-4332
Jenifer,Berrisford,jberrisfordct@netlog.com,276-246-5494
Maxie,Jacobson,mjacobsoncu@google.com,129-120-9909
Lee,Dew,ldewcv@1688.com,245-828-1915
Marsh,Suddards,msuddardscw@yahoo.co.jp,733-964-4475
Alvina,Filipic,afilipiccx@weibo.com,709-495-7899
Bevvy,O'Crevy,bocrevycy@nature.com,767-655-4907
Kristyn,Blackmoor,kblackmoorcz@so-net.ne.jp,717-127-6629
Dewitt,Grimsell,dgrimselld0@photobucket.com,332-427-7818
Corry,Hampshire,champshired1@sciencedaily.com,362-957-3755
Bonnibelle,Beeckx,bbeeckxd2@intel.com,493-291-0921
Viole,Fobidge,vfobidged3@bbc.co.uk,690-376-0822
Colver,MacDonagh,cmacdonaghd4@artisteer.com,166-325-6439
Daryl,Reinbach,dreinbachd5@adobe.com,513-147-4803
Melisandra,Weald,mwealdd6@ucoz.com,630-290-9747
Currey,Baike,cbaiked7@soundcloud.com,686-475-0974
Lydia,Ellaway,lellawayd8@hostgator.com,329-566-6719
Haley,Simmon,hsimmond9@vkontakte.ru,111-582-3929
Korella,Strutt,kstruttda@technorati.com,253-416-6747
Bertha,Farnaby,bfarnabydb@va.gov,475-963-4679
Lauraine,Prantoni,lprantonidc@cbslocal.com,102-519-8422
Anestassia,Godbert,agodbertdd@lulu.com,630-509-1899
Terrance,Stenners,tstennersde@posterous.com,481-616-5294
Cary,Virr,cvirrdf@telegraph.co.uk,489-777-0642
Nady,Loynes,nloynesdg@cbslocal.com,168-969-6031
Ingeborg,Wallen,iwallendh@booking.com,418-597-4628
Kienan,Maunder,kmaunderdi@tripod.com,538-674-1254
Florenza,Collisson,fcollissondj@alibaba.com,175-887-4279
Phylys,Puddle,ppuddledk@economist.com,133-107-3754
Hal,Vero,hverodl@parallels.com,272-988-5124
Orlando,Peirpoint,opeirpointdm@edublogs.org,685-584-8087
Reidar,Madgewick,rmadgewickdn@cargocollective.com,834-213-5457
Dwight,Daniel,ddanieldo@nationalgeographic.com,838-958-3972
Alfredo,Bufton,abuftondp@taobao.com,945-128-0113
Ignace,Jeandet,ijeandetdq@soup.io,701-103-6249
Ronald,Townes,rtownesdr@w3.org,867-292-1966
Toinette,Olivas,tolivasds@army.mil,630-480-5386
Dionis,Caunce,dcauncedt@canalblog.com,840-332-2140
Blondie,Adame,badamedu@bloglovin.com,471-245-0937
Tiler,Winslade,twinsladedv@squidoo.com,148-625-0643
